,id,folder,text_count,keystroke_count,text_len_mean,t10000_mean
0,0,01894,10,48735.0,106.88328767123282,405.80527341746176
1,1,025a2,8,31675.0,118.6391061452514,668.3587687450671
2,2,032b3,3,18847.0,95.3431952662722,783.2326630232927
3,3,04022,9,38237.0,140.54040404040398,502.2096137249262
4,4,04442,8,24499.0,128.6568862275449,361.65635332054364
5,5,09d26,3,9373.0,124.07142857142857,506.336071695295
6,6,0a79c,12,84554.0,162.03456790123457,471.4784279868488
7,7,0b0cc,10,26688.0,112.82142857142851,385.1695143884892
8,8,0dd5d,10,52875.0,133.0657439446367,569.8832340425532
9,9,154ae,10,28252.0,119.07374999999998,673.7012600877814
10,10,17144,9,41861.0,91.64955089820356,478.8909486156567
11,11,173a6,3,23918.0,148.89303278688524,752.5663517016471
12,12,198f0,10,40410.0,104.69039145907473,435.07619401138334
13,13,1a724,10,44495.0,134.6441588785047,448.79004382514887
14,14,1d038,10,42713.0,123.98367346938775,438.5506286142392
15,15,1dd6c,10,58213.0,159.11841155234654,505.69218215862435
16,16,1f1e3,10,64976.0,121.66739726027402,468.5697642206353
17,17,1fe5a,8,18066.0,109.02525252525251,497.4662349164176
18,18,249aa,9,27019.0,100.24623115577887,822.8639475924349
19,19,27378,10,104456.0,123.36217303822944,661.5246419545073
20,20,28517,10,46574.0,128.91617161716172,528.4113239146303
21,21,2857a,10,38284.0,159.74999999999997,561.082776094452
22,22,2c6f4,9,29273.0,89.75515695067267,452.2958357530831
23,23,30f8c,8,29310.0,147.518954248366,509.7564653701808
24,24,323ea,10,48452.0,117.62019543973943,597.1626764633039
25,25,33350,16,73455.0,112.64822429906548,557.6252263290451
26,26,3525c,11,41553.0,112.33308823529416,626.4803263302289
27,27,37170,11,77145.0,145.34310850439888,512.7997407479422
28,28,37ffb,10,43021.0,106.39249999999996,431.9851932777016
29,29,3d5a7,10,83575.0,106.80579216354342,355.53364044271615
30,30,42b31,10,69099.0,139.5938566552901,457.5227137874643
31,31,42c63,10,30175.0,133.22513089005236,508.72400994200495
32,32,43b9b,10,53774.0,101.94497716894976,232.94467586566003
33,33,441b3,11,47236.0,117.40213523131672,500.94711660597847
34,34,46576,1,2873.0,96.84,400.34110685694395
35,35,46bff,11,104097.0,113.81538461538472,672.3530072912764
36,36,4fa82,9,25000.0,99.3173184357542,548.99004
37,37,53396,7,36044.0,111.27932489451477,498.46593052935305
38,38,54d18,10,32988.0,102.88991596638658,530.8973566145265
39,39,55b4c,1,6338.0,128.02777777777777,328.29299463553167
40,40,58b45,8,31532.0,114.85665024630545,506.49245211214
41,41,5989b,10,33619.0,115.08565737051792,378.08807519557394
42,42,5add5,9,29405.0,82.99775280898875,341.63223941506544
43,43,5c46a,10,57852.0,122.19649122807024,545.5139321026066
44,44,5fc8c,10,52350.0,111.21158192090392,408.5729321872016
45,45,61227,3,13776.0,131.5185185185185,488.5414488966318
46,46,613f1,10,51086.0,125.05254237288138,566.6626081509612
47,47,66775,10,40495.0,105.37527272727272,476.5107297197185
48,48,66f41,10,45527.0,160.35750000000004,359.17363322863355
49,49,73981,5,18183.0,117.14876033057851,526.6649617774846
50,50,744b1,6,38634.0,137.30143678160914,515.3002795465135
51,51,74fff,3,13885.0,104.0625,717.9629816348578
52,52,77d65,7,23309.0,122.18616352201259,321.64502981680903
53,53,78c6b,1,5547.0,126.034375,436.6834324860285
54,54,7b270,4,12104.0,228.33,517.3338565763383
55,55,7dc5e,4,11121.0,118.25714285714285,417.099631328118
56,56,7f2a1,10,52334.0,99.49007263922522,616.8831543547216
57,57,7f7ce,10,31105.0,107.03428571428572,553.4308632052723
58,58,828d6,9,60968.0,94.26817042606515,505.1673172811967
59,59,83d8b,10,24882.0,116.79144385026741,294.1136162687887
60,60,84e07,10,48718.0,103.65107033639143,348.38967116876717
61,61,862ab,8,19176.0,143.26373626373623,436.2251251564455
62,62,8ae8e,3,9286.0,127.572,591.1648718500969
63,63,8caa7,2,9343.0,117.85272727272728,492.30600449534415
64,64,8d7d0,3,10221.0,98.70588235294115,503.16133450738675
65,65,8df73,6,16008.0,106.0125,461.2381309345327
66,66,91d8a,1,346.0,89.8,530.7687861271677
67,67,94bdf,10,89333.0,117.06393088552922,513.2971242430009
68,68,9d786,11,45647.0,154.21173469387756,548.6664183845597
69,69,a076f,3,13552.0,78.21194029850743,446.0061983471074
70,70,a5210,10,51261.0,109.53949579831936,282.3549677142467
71,71,a5d64,9,58773.0,125.0103359173127,820.9249145015567
72,72,b1837,8,15004.0,122.72527472527472,573.3395761130365
73,73,baf83,10,71019.0,136.78607305936077,231.51021557611344
74,74,bb1b8,10,50527.0,117.31081794195244,376.3349100480931
75,75,bbdac,11,32386.0,90.5126637554585,334.74479713456435
76,76,bcf01,9,29978.0,117.18848167539268,477.6693241710588
77,77,bcfcb,7,45847.0,124.37966101694911,519.7319562893973
78,78,be69c,9,42749.0,111.05054151624547,529.8539848885354
79,79,c1b37,1,4202.0,134.38636363636363,537.005711565921
80,80,c32f0,10,78158.0,116.25853873239443,322.2452468077484
81,81,c5003,10,72037.0,114.08629213483148,475.0522509266072
82,82,c605c,2,522.0,119.4875,412.54597701149424
83,83,c6cba,10,41312.0,162.3058510638298,254.753655112316
84,84,ca243,10,54159.0,132.1049723756906,369.0215292010561
85,85,cbf55,10,43254.0,89.60353535353535,375.47900772182925
86,86,cecc0,10,78660.0,130.95170454545453,462.8477370963642
87,87,cf215,1,4597.0,138.6,554.6695671089841
88,88,d4da5,7,7467.0,114.65192307692308,699.7123342707915
89,89,d7a79,10,33735.0,92.03804347826087,422.2302356602935
90,90,d866d,9,30435.0,123.60805555555555,530.8246098242155
91,91,d868f,9,49252.0,105.71683168316834,624.4561033054496
92,92,da434,1,13748.0,218.61142857142846,602.6190718649984
93,93,dbd4b,9,57382.0,140.1871698113208,504.3491338747343
94,94,df634,7,15520.0,96.83119266055046,591.1469072164947
95,95,e0c4f,2,425.0,55.6,409.3835294117647
96,96,e1119,10,53749.0,105.1043256997456,375.33561554633576
97,97,e457f,10,63202.0,176.74249999999995,517.7845954241955
98,98,e53b0,6,10345.0,102.65773809523807,623.2483325277911
99,99,e5970,10,58750.0,123.08243727598568,443.6305531914894
100,100,e69d4,10,29559.0,117.64327485380116,671.1711830576136
101,101,e6ca1,2,203.0,85.975,620.7931034482757
102,102,e8319,4,6386.0,114.11627906976744,717.9862198559349
103,103,e9c91,20,63764.0,125.1587822014052,409.4340066495201
104,104,ed54d,9,25430.0,104.90355329949234,410.4018482107747
105,105,f7eb1,11,50658.0,118.80941358024693,616.4167160172135
106,106,fb1e3,3,8384.0,121.50943396226415,557.2322280534352
107,107,fbd7a,10,34541.0,122.74407582938387,358.0145334529979
108,108,fd3e4,4,15822.0,110.71052631578951,566.4101251422071
109,109,fd711,2,4205.0,107.5,624.5215219976218
110,110,fd93d,8,64564.0,134.5703264094955,494.7316770955951
111,111,ff901,1,5758.0,106.14,675.3982285515804
112,112,ffe10,8,37694.0,102.76258992805755,433.1222741019792
113,113,01211,5,23445.0,109.95657894736841,576.5819151204947
114,114,035a4,4,18895.0,83.38362068965517,510.3469700979095
115,115,04a1e,2,9526.0,121.2877192982456,617.1095947931975
116,116,0649f,5,7114.0,99.36160714285714,627.6026145628339
117,117,08a15,3,13790.0,122.1413043478261,554.3899202320522
118,118,0b34a,4,21457.0,132.19354838709677,311.05629864379915
119,119,0db76,5,29843.0,103.2406862745098,501.1736755688101
120,120,0e44f,3,15258.0,116.72289156626506,515.9642154935117
121,121,0ef0e,6,31173.0,98.03167420814479,377.92041189490914
122,122,0fd9c,2,1022.0,118.04166666666669,340.0244618395303
123,123,10177,3,22726.0,108.71523178807944,546.8742409574936
124,124,12f37,5,13563.0,94.42342342342344,601.2318808523187
125,125,1715d,5,26735.0,108.02916666666668,503.469908359828
126,126,17ea5,3,16251.0,96.14452554744524,765.6947880130454
127,127,186b2,3,21141.0,106.31472868217053,545.3178184570266
128,128,19ead,5,25956.0,140.37683823529414,535.8331792263831
129,129,1b2a9,4,21179.0,139.37837837837841,443.55739175598467
130,130,1b652,5,17683.0,95.96479999999998,389.0436011988916
131,131,1e74c,4,17211.0,108.96694214876032,462.84800418337113
132,132,1ef32,2,17131.0,139.25882352941179,585.2940283696223
133,133,1f4ad,3,14698.0,102.08333333333331,543.4700639542795
134,134,1f5d2,4,23564.0,92.43010752688171,590.3083517229672
135,135,20229,4,26717.0,100.29947916666669,433.61881947823485
136,136,20446,4,14009.0,94.39495798319328,476.30601756014005
137,137,20bd2,6,36550.0,144.87151515151513,522.7208207934336
138,138,22975,5,19249.0,124.91269841269842,492.9000987064263
139,139,22aaa,1,1518.0,85.03999999999998,528.8320158102766
140,140,23cc9,4,8220.0,109.58769230769232,463.8566909975669
141,141,2519d,5,35908.0,110.57860465116279,610.8987969254762
142,142,28b63,2,2001.0,168.73333333333332,425.87556221889054
143,143,29be0,6,28620.0,103.99694444444442,723.8830188679245
144,144,2dea8,5,25443.0,134.23398692810454,433.3687065204575
145,145,30836,5,17386.0,117.25565217391302,387.00972046474175
146,146,3a7c5,3,10822.0,162.0530612244898,651.3547403437443
147,147,3d90b,5,16963.0,123.06666666666668,469.40853622590345
148,148,3effe,5,14669.0,98.010101010101,440.18535687504266
149,149,3f1b8,3,12337.0,72.76293103448276,556.9407473453838
150,150,3f286,1,1965.0,160.71428571428572,537.5129770992367
151,151,436b0,2,11281.0,149.80392156862746,559.4858611825193
152,152,46019,1,8041.0,98.2679245283019,610.5832607884591
153,153,463cf,4,38505.0,121.66388888888888,659.1019867549669
154,154,481bf,4,32152.0,118.64285714285714,550.2045595919383
155,155,49828,6,66730.0,140.31730769230768,449.35556721114943
156,156,4a063,6,18365.0,83.14944444444447,430.926000544514
157,157,4f95b,6,32967.0,98.126953125,425.5783965783965
158,158,504de,3,11619.0,152.67410714285714,569.1727343144848
159,159,5106f,2,8046.0,105.21875,517.4574944071588
160,160,51229,3,13804.0,115.06213592233007,255.70653433787308
161,161,51c62,5,17571.0,127.99494949494951,380.22804621250924
162,162,566b0,2,11419.0,110.89244186046513,432.99921183991586
163,163,56fe3,1,3432.0,88.8857142857143,493.7776806526807
164,164,5913d,5,32754.0,115.53494623655914,526.5640227147828
165,165,5a6e0,3,10329.0,100.12222222222222,623.2840546035434
166,166,5d350,2,3402.0,178.5384615384616,386.4097589653145
167,167,5f459,4,21503.0,116.47863247863249,480.7327349672139
168,168,60c20,4,1683.0,82.62142857142858,482.4289958407605
169,169,659b2,5,26875.0,113.3446629213483,366.6088558139535
170,170,66c6d,5,21628.0,114.645,414.16201220639914
171,171,67adc,5,22622.0,121.6972222222222,629.8789673768897
172,172,68be6,5,18446.0,80.5,480.7123495608803
173,173,6c4ea,5,24846.0,111.156462585034,439.3178378813491
174,174,6cd14,2,5796.0,76.3542372881356,688.3122843340234
175,175,6fdf7,3,13560.0,101.8825,663.3857669616517
176,176,73434,4,25157.0,107.7123786407767,280.94101045434667
177,177,73956,3,14426.0,107.82767857142859,331.74539026757236
178,178,747c6,6,52625.0,128.90646853146853,503.2393729216152
179,179,75208,6,31956.0,90.97472924187728,417.42201777443984
180,180,7814c,4,30062.0,103.21955307262571,505.6134655046238
181,181,7ac45,4,15957.0,150.8815789473684,395.15961646926115
182,182,7e38d,5,25215.0,155.75,333.7780686099544
183,183,7f61b,6,35548.0,133.70454545454547,591.6500506357601
184,184,80495,2,13401.0,116.54722222222222,385.45033952690096
185,185,86008,4,31931.0,121.28,551.5626193980771
186,186,87593,3,31025.0,147.11206896551727,345.0870910556003
187,187,8a573,6,26912.0,115.22360248447204,511.53507728894175
188,188,8bf82,5,33271.0,117.835046728972,521.5344594391512
189,189,8c19d,4,18186.0,129.3070652173913,391.1680963378423
190,190,8ecb0,5,22710.0,124.05604838709681,617.1461470717745
191,191,8ef40,6,37785.0,164.03205128205127,673.2267301839354
192,192,8f624,5,17302.0,106.48571428571428,489.70194197202636
193,193,94651,3,7163.0,140.7757575757576,715.599329889711
194,194,94660,4,14771.0,113.62626262626264,873.1899668268906
195,195,9647d,5,36885.0,109.39644444444444,496.1690660159957
196,196,97e3e,5,27236.0,101.45170731707316,412.05654281098543
197,197,984ce,3,21912.0,120.95526315789472,564.5047006206645
198,198,9884b,6,36120.0,136.31024390243905,487.3383720930233
199,199,9bbf4,5,23629.0,118.6913669064748,401.5280375809387
200,200,9fc9a,6,40812.0,104.77660377358492,501.44820150936
201,201,a11a3,4,25016.0,129.31401515151512,596.5170690757915
202,202,a32d5,4,20769.0,140.42217741935482,637.8841542683807
203,203,a3825,3,11628.0,84.98796296296297,483.25386996904024
204,204,a492d,5,15883.0,118.65765765765764,442.1912736888497
205,205,a5f07,2,12430.0,107.16470588235296,390.89106999195496
206,206,a7191,6,50005.0,118.80996884735201,328.629897010299
207,207,a9d81,5,25239.0,114.23293413173654,599.7965450295178
208,208,acd2e,5,23688.0,109.5236111111111,487.9462174940898
209,209,ad601,5,30513.0,112.1036931818182,452.5671680922885
210,210,ae16c,4,36259.0,104.81763565891472,332.55947488899307
211,211,ae1ce,6,28134.0,119.055900621118,526.6792493068883
212,212,ae7a2,5,15591.0,118.89444444444445,685.0535565390288
213,213,aeb7a,5,32463.0,111.10447761194028,466.86865046360464
214,214,af1c1,4,38060.0,179.26,447.72435627955866
215,215,b05e6,5,16363.0,98.25,554.1454501008374
216,216,b2f65,4,32664.0,156.51282051282053,543.3853783982366
217,217,b7f68,5,36297.0,128.13675889328064,370.16819571865443
218,218,b8903,2,14076.0,116.46726190476193,465.02046035805625
219,219,b8f74,5,20078.0,126.23100775193798,649.6849785835243
220,220,baf78,3,27646.0,116.90322580645164,380.56796643275703
221,221,bb823,5,25993.0,143.34437086092709,372.707228869311
222,222,bcada,3,13849.0,126.5175,600.9680121308397
223,223,c2a81,4,28856.0,115.8391812865497,377.40833795397833
224,224,c3670,6,29708.0,87.14566037735851,428.25168304833716
225,225,c3a00,3,14482.0,133.575,602.2149564977212
226,226,c4e86,2,11347.0,100.01408450704227,579.1215299198026
227,227,c6a89,3,16550.0,88.79122807017546,590.4786706948639
228,228,c7356,4,35039.0,173.73802816901406,519.2870230314792
229,229,c873b,5,24645.0,120.73797468354431,437.4520186650436
230,230,c8a9a,4,20139.0,94.54109589041096,450.6194945131337
231,231,c8f63,3,14259.0,98.76302083333331,538.7643593519882
232,232,c9863,5,18311.0,107.41186440677969,845.2704931461963
233,233,cab4f,3,3320.0,117.625,497.48132530120483
234,234,cbb0c,6,48884.0,108.8239130434783,418.9192578348744
235,235,cca8c,3,7511.0,97.91666666666669,686.4265743576087
236,236,ccf8d,1,2945.0,125.0578947368421,344.8889643463497
237,237,cd6ed,4,15219.0,127.29268292682929,753.8152966686379
238,238,ce927,6,33364.0,118.42727272727272,410.9205131279223
239,239,cf3e4,5,18993.0,126.73474576271187,341.9449270783973
240,240,d0d7a,5,16402.0,160.11111111111111,457.92775271308375
241,241,d220e,2,11546.0,135.39298245614034,395.9890871297419
242,242,d2341,5,28728.0,132.01587301587304,395.83214981899187
243,243,d23fa,3,6646.0,98.58166666666668,367.1816130003009
244,244,d3400,5,22415.0,95.1,653.7170198527773
245,245,d68b2,5,32071.0,91.23933649289101,525.3263384365938
246,246,d77bd,4,15284.0,104.53660714285715,716.8028657419524
247,247,d7cf7,5,20543.0,105.17469879518072,382.923574940369
248,248,d81a3,2,5570.0,105.01395348837208,444.0254937163375
249,249,dae36,4,24082.0,100.5723076923077,592.3589818121417
250,250,dee56,3,18195.0,119.27102803738319,601.33794998626
251,251,df06d,3,16356.0,137.0640243902439,499.4728539985326
252,252,e1f2d,4,20368.0,80.83680981595094,529.4710820895523
253,253,e2a8b,5,22784.0,108.30805555555555,559.6026597612359
254,254,e366b,6,35607.0,89.68847352024922,367.0956553486674
255,255,e3f7e,4,32334.0,146.37656250000003,409.63165707923554
256,256,e9c2c,2,12121.0,85.015,596.8053790941342
257,257,e9d98,2,2738.0,98.7333333333333,311.3155588020453
258,258,ed076,4,21956.0,116.74193548387095,505.48601748952456
259,259,f0de3,5,21397.0,124.54528985507248,415.06117680048607
260,260,f1632,1,2036.0,111.875,462.67583497053045
261,261,f24c9,4,24549.0,107.62746913580249,605.0566214509756
262,262,f2d3f,3,8715.0,91.92424242424242,614.5418244406196
263,263,f4aa8,4,17105.0,157.17142857142858,850.9348728441977
264,264,f5fe0,3,19300.0,124.45825242718443,467.9468911917098
265,265,f6e14,3,14649.0,88.31680327868854,495.63308075636564
266,266,f8ff8,3,10902.0,129.63768115942028,435.06384149697305
267,267,f9b0f,5,19151.0,138.1831395348837,661.7798548378673
268,268,fa91f,4,25299.0,126.04320000000004,569.5870587770268
269,269,fad46,3,9146.0,131.5298245614035,554.3429914716816
270,270,fbbf1,2,8367.0,95.57575757575758,477.637623999044
271,271,fbcce,6,27738.0,99.36306306306305,563.241437738842
272,272,fc240,3,15457.0,106.46525423728814,581.0591317849518
273,273,fcb41,5,30559.0,136.63779527559055,526.3606138944339
274,274,fe330,4,15260.0,98.12843137254904,626.1572739187418
275,275,fe727,4,25529.0,136.45906040268454,412.015668455482
276,276,0103b,13,36345.0,92.1405120481928,557.5797496216811
277,277,015a1,10,49967.0,139.28782287822878,386.1806392218865
278,278,02529,5,11635.0,112.6629213483146,382.78272453803186
279,279,042c4,2,5796.0,103.3806818181818,520.4815389924086
280,280,0540e,11,27831.0,119.43720930232556,414.1945672092272
281,281,061b0,13,41965.0,107.72063492063492,347.43884189205284
282,282,0740b,11,32479.0,123.35512195121949,616.3893592783029
283,283,0803f,1,197.0,162.0,273.11167512690355
284,284,0bacb,12,44929.0,124.4927536231884,408.4141645707672
285,285,0cb6e,11,55301.0,177.65868794326238,348.3875336793186
286,286,10fd6,9,48924.0,114.35536231884058,618.4705052734854
287,287,14166,3,8831.0,97.17692307692309,238.79696523610008
288,288,146a8,10,43599.0,109.994140625,451.3055345306085
289,289,16c36,4,18953.0,114.49243697478994,498.70215796971456
290,290,190c7,4,2259.0,169.60499999999996,655.3997343957503
291,291,1b6b1,11,45407.0,142.01351351351352,539.8254674389411
292,292,1bb6f,5,31988.0,117.14647887323945,495.91268600725266
293,293,1ecf2,8,12971.0,124.71466666666667,684.3214863927222
294,294,209d0,9,24287.0,113.88421052631578,373.0414213365175
295,295,21d05,2,967.0,127.41666666666669,496.30196483971037
296,296,262f6,2,11787.0,84.92233009708737,507.9084584711972
297,297,279a5,5,20846.0,100.64475524475523,427.8938885157824
298,298,291e9,11,39284.0,115.02768166089966,479.1947103146319
299,299,29bec,3,3215.0,88.352,503.24696734059097
300,300,2ba08,12,41664.0,116.91015625,503.11134312596016
301,301,2cb28,2,1111.0,105.11111111111113,452.0837083708371
302,302,2d653,12,53617.0,109.73407202216066,421.3728481638287
303,303,305ee,11,31586.0,110.22767857142857,591.6418033305895
304,304,371d7,11,50517.0,116.3410256410257,462.1557297543402
305,305,37699,8,19156.0,97.91114457831327,436.3119649196074
306,306,386ad,10,7082.0,88.60588235294121,570.7839593335217
307,307,3bf04,5,9454.0,122.1,670.0993230378675
308,308,3fdf0,4,18034.0,105.32949640287771,369.7367749805922
309,309,418b0,2,10981.0,94.60989010989012,604.4871141061834
310,310,424b9,3,5025.0,178.67368421052632,464.3080597014925
311,311,45304,11,42528.0,129.51003344481606,414.73532731376974
312,312,466b5,11,50209.0,98.803738317757,439.19124061423247
313,313,46b07,9,27782.0,109.26582568807342,446.84774314304224
314,314,49a79,12,67949.0,128.9451754385965,367.86913714697783
315,315,4adcb,11,44598.0,118.53846153846152,462.3800843087134
316,316,4c792,11,34053.0,127.1088607594937,486.81502363962056
317,317,4da9d,11,32139.0,116.02278481012662,543.1300289368057
318,318,4f5ac,1,1610.0,101.1,1019.5354037267081
319,319,50b09,3,9743.0,86.83231707317074,479.1250128297239
320,320,510b9,9,26329.0,103.94021739130434,521.622013749098
321,321,59e70,11,39919.0,115.6600938967136,569.9718680327662
322,322,5d7fe,7,24550.0,116.42232142857144,418.5011405295315
323,323,6325f,12,35007.0,143.1846153846154,411.0853829234153
324,324,63fbe,1,1886.0,94.28611111111107,855.64262990456
325,325,671fc,10,25970.0,99.88956310679613,431.7264150943397
326,326,6ac5e,11,44643.0,106.83742424242426,408.9500481598459
327,327,6b002,1,436.0,169.375,768.1697247706422
328,328,6be18,3,10953.0,105.29610389610387,548.9928786633799
329,329,6cd34,2,2725.0,114.15263157894738,627.8073394495412
330,330,719bd,11,33496.0,151.1191709844559,500.45623358012887
331,331,73eef,11,58947.0,91.74234449760763,383.51261302526
332,332,7601a,11,27714.0,114.1798941798942,354.63404777368834
333,333,7631e,4,18371.0,86.96234939759034,1066.5128735507049
334,334,7af15,1,8381.0,150.54871794871798,552.2184703496002
335,335,7c54d,6,34088.0,118.68084112149536,497.92818587186105
336,336,7dca2,10,33113.0,133.46031746031747,408.16612810678566
337,337,820ec,11,21925.0,101.50833333333333,381.59972633979487
338,338,829dd,1,1984.0,161.485,676.0947580645161
339,339,83d08,13,64125.0,113.7,334.01966471734886
340,340,83f33,10,37516.0,116.39757085020244,486.16707538117066
341,341,8a2c0,12,34644.0,136.27533632286998,686.7962706384942
342,342,8a637,9,24266.0,129.12911392405059,437.7265309486525
343,343,8be77,12,65282.0,103.20486956521734,389.08250359976716
344,344,8c77c,5,10030.0,99.6686746987952,489.216450648056
345,345,8df2e,1,39.0,27.0,848.5897435897435
346,346,8e654,11,49547.0,99.66188271604936,449.26156982259283
347,347,917ad,11,41230.0,97.68658536585363,438.7775648799418
348,348,976d5,11,29139.0,155.07484662576687,463.32622945193725
349,349,9b76a,5,1329.0,113.44285714285714,625.1218961625282
350,350,9be88,11,60199.0,118.52446236559143,460.68572567650637
351,351,9bfaf,11,29565.0,99.55517241379313,506.0797564687976
352,352,9c8d1,3,20812.0,116.30483870967741,375.7467807034403
353,353,9f636,4,16635.0,98.95037037037035,549.1725879170424
354,354,a2826,4,17237.0,96.6062015503876,725.0790160700818
355,355,a29e0,3,9612.0,104.89090909090908,592.1086142322098
356,356,a556d,10,23441.0,95.94444444444444,668.3077087154985
357,357,a735f,10,22869.0,152.73214285714286,354.4110805019896
358,358,a7bd5,11,45055.0,108.8861635220126,519.0495394517811
359,359,a7f97,1,1658.0,161.74375,473.332328106152
360,360,a89fa,7,23561.0,111.37484276729565,507.14706506515006
361,361,a90f3,3,19716.0,118.44954128440372,597.6145769933049
362,362,aaaa0,12,30910.0,118.83674418604653,468.4928825622776
363,363,aafad,1,1688.0,176.41875,654.5941943127963
364,364,ac2ba,10,88585.0,138.77426273458445,448.3272901732799
365,365,ad8df,2,8864.0,119.5625,614.2906137184117
366,366,ae097,11,99835.0,126.328968903437,602.4233986077027
367,367,ae4c8,5,26359.0,85.89405940594061,484.0427937326909
368,368,aeba9,9,15056.0,100.47368421052632,522.8498273113709
369,369,af345,10,17234.0,92.69642857142857,566.1578855750261
370,370,b21a5,12,33195.0,93.1933797909408,512.498689561681
371,371,b4b8c,1,1067.0,74.9090909090909,572.4601686972821
372,372,b79dc,6,22736.0,129.03496503496504,398.5462702322308
373,373,b8de4,7,24677.0,107.98166666666664,490.1894881873809
374,374,bb01a,12,32906.0,97.40152091254757,333.8004923114325
375,375,bbfdb,12,44650.0,99.13291139240508,472.86398656215005
376,376,bd906,11,53348.0,143.05453020134232,410.4724450776037
377,377,c53ff,4,12525.0,103.35326086956522,579.2851097804391
378,378,c6a3b,1,3148.0,93.45185185185184,344.17757306226173
379,379,c8236,4,1331.0,95.8181818181818,507.5942900075132
380,380,c8e67,1,1252.0,125.94375,442.4408945686901
381,381,c913b,1,4896.0,139.92,525.4281045751634
382,382,cb513,3,9574.0,100.22580645161293,671.8032170461668
383,383,ccc9b,12,48301.0,107.0574018126888,638.3556241071614
384,384,ce5a8,13,53351.0,100.84793814432993,479.508725234766
385,385,cf494,11,48950.0,92.9502717391304,589.597875383044
386,386,d5044,6,24082.0,95.15714285714284,504.5128311602026
387,387,d63ce,11,28718.0,104.82219626168228,715.9459224179958
388,388,d7821,9,24230.0,139.02266666666665,358.03611225753195
389,389,d812e,2,65.0,24.8,855.4461538461537
390,390,d8d9f,1,3892.0,115.26923076923076,552.8232271325796
391,391,d97f3,11,48382.0,128.7561290322581,358.33805960894546
392,392,dde40,12,35305.0,132.30166666666662,703.4917150545249
393,393,dec27,10,44471.0,112.28211920529805,536.3710507971487
394,394,e2850,2,4526.0,72.278,583.1303579319488
395,395,e51a1,11,60936.0,108.96199524940614,728.6094098726531
396,396,e5533,11,34613.0,97.28830188679242,539.0084361367117
397,397,e83c6,2,9441.0,125.65277777777777,789.9023408537231
398,398,ef633,11,74916.0,114.0405923344947,463.5989775214907
399,399,f0f18,12,73535.0,131.05289672544077,436.981954171483
400,400,f2506,6,25500.0,116.07734806629836,273.7598823529412
401,401,f33cb,4,15037.0,106.68684210526315,535.010906430804
402,402,f34b5,12,40741.0,131.187072243346,419.24196755111575
403,403,f4a03,5,19287.0,155.36633663366337,314.5138694457407
404,404,f816c,5,16566.0,98.46355932203389,915.9279246649763
405,405,f9ba6,7,31754.0,112.26066350710899,376.2183346979908
406,406,fb205,4,14822.0,96.85263157894735,685.1840507353934
407,407,fe590,10,31194.0,97.96347826086954,535.6133230749504
408,408,ff96b,11,60232.0,117.21552631578942,560.2519590915128
409,409,ffd31,12,17299.0,115.82051282051279,418.5967975027458
410,410,02cc3,8,44922.0,170.75757575757575,476.8826187614088
411,411,03293,2,4648.0,84.95681818181819,452.8924268502582
412,412,05bcc,11,48897.0,107.18364116094992,386.58572100537873
413,413,08d25,11,46071.0,95.77456647398844,450.5414468971805
414,414,0b215,9,23965.0,95.5461956521739,651.3453786772376
415,415,0c2a6,9,20256.0,96.12189349112423,409.49101500789885
416,416,0d113,11,46149.0,126.26215277777777,365.03386855619834
417,417,0e149,8,26667.0,107.39361702127657,459.40623242209466
418,418,0e3b5,12,51917.0,108.63420398009943,540.7066856713601
419,419,0ea64,11,45416.0,115.68627450980392,444.3190065175269
420,420,0fbd9,3,14727.0,142.88392857142858,503.99280233584574
421,421,11d9b,11,53358.0,88.90268948655256,485.631845271562
422,422,13a1e,11,63053.0,104.71778290993076,338.5164702710418
423,423,14f47,10,75293.0,189.12064896755157,499.47701645571294
424,424,1961e,4,6061.0,82.57142857142857,598.0303580267283
425,425,19dc6,10,39427.0,129.42343096234308,563.1082253278213
426,426,1b5b1,12,48539.0,120.36282527881045,476.6244051175344
427,427,1d655,11,68143.0,135.2523456790123,321.03894750744763
428,428,1e3d3,12,28530.0,102.95338983050848,397.96691202243255
429,429,29587,12,45423.0,97.6131818181818,456.5533980582524
430,430,296d2,10,58031.0,215.4783251231527,723.5852733883612
431,431,2ac3d,10,38498.0,152.97764705882352,646.5211179801547
432,432,2cf6a,11,57463.0,93.52870813397129,450.8374432243357
433,433,338fa,6,11732.0,137.70810810810812,345.6888851005796
434,434,384f4,11,28789.0,115.02030456852788,489.5399631803814
435,435,38d8c,5,20796.0,142.8181818181818,594.823042892864
436,436,39c59,11,42480.0,84.80023809523807,620.1128531073448
437,437,3ff21,11,45892.0,115.21770491803282,413.6760437549028
438,438,406c2,11,36833.0,106.97936893203884,803.2637851926262
439,439,420f1,12,45907.0,134.3662921348315,303.1901670769164
440,440,427a2,8,51928.0,164.39593908629445,636.782487290094
441,441,45ca9,10,27884.0,107.79749999999996,457.10242432936445
442,442,46f4a,10,44944.0,82.07295454545451,589.3503915984336
443,443,48e5e,11,28120.0,107.79132420091322,475.8482574679943
444,444,49d2a,10,47931.0,136.2318339100346,393.90363230477135
445,445,4b75b,5,21973.0,114.89766081871343,295.1969234970191
446,446,4c3c8,10,44022.0,120.06093189964157,399.0624460497024
447,447,4fd89,9,57855.0,106.86934097421202,485.66782473424934
448,448,506c0,13,33286.0,87.96184210526317,489.48597007751005
449,449,51fd3,1,25.0,22.0,784.8
450,450,5463c,11,13310.0,111.63920454545456,442.2425244177311
451,451,5636a,11,42129.0,111.9973509933775,665.6616582401672
452,452,563e1,12,46341.0,100.39598997493731,422.6801104853154
453,453,569b9,3,6199.0,125.875,435.347959348282
454,454,56e85,12,47971.0,112.7661971830986,313.13916741364574
455,455,5aef8,11,42690.0,134.2728744939271,511.379878191614
456,456,5beba,11,61432.0,136.81766561514195,612.7882862351869
457,457,5fc47,12,34766.0,99.21308724832213,665.7372432836679
458,458,6123b,4,17245.0,101.24153225806452,472.1659031603363
459,459,65330,10,36834.0,121.66995884773658,557.2889721453006
460,460,667d0,10,57855.0,102.6900212314225,427.43147523982367
461,461,66a2d,9,28592.0,115.57323232323229,278.06813094571913
462,462,67043,3,20419.0,88.83924050632912,529.9326607571379
463,463,6853d,11,58119.0,115.11881188118812,484.6031246236171
464,464,6aa47,11,50645.0,97.66929133858268,589.7642412873927
465,465,6e9b9,3,17339.0,168.06111111111113,512.5040083049772
466,466,70ad3,2,2319.0,102.13157894736842,454.5743855109962
467,467,742a3,9,50448.0,116.21548821548822,611.6560220424992
468,468,7a99a,11,51915.0,104.401166180758,568.7728980063565
469,469,7a9d9,11,34242.0,98.28161764705885,519.4417382162256
470,470,801a3,11,53738.0,130.0857954545455,329.60039450668063
471,471,84410,9,19264.0,138.49462365591398,307.16517857142856
472,472,85578,3,17743.0,110.62654867256636,647.2797723045708
473,473,88009,12,86525.0,138.4920634920635,407.7969141866512
474,474,89b04,1,5182.0,124.67741935483869,491.6331532226938
475,475,8a8da,11,38069.0,143.7873873873874,541.4583782079908
476,476,8e3da,11,43486.0,106.65014409221901,542.7523800763464
477,477,8e9ac,11,43524.0,120.44501718213058,493.2983870967742
478,478,91492,11,39673.0,78.1574712643678,473.0623597912937
479,479,9187a,5,9428.0,129.72931034482758,321.5500636402206
480,480,93039,11,40921.0,107.06405693950178,382.5478116370568
481,481,9611d,9,22933.0,94.33502538071068,525.2167182662539
482,482,9a483,11,42881.0,170.3628440366972,356.79279867540396
483,483,a1a36,7,32220.0,142.06629834254144,459.2238981998759
484,484,a2805,11,34792.0,90.68300653594773,455.4554782708669
485,485,aa31f,2,7228.0,99.52727272727272,474.8966519092417
486,486,ad195,8,23429.0,126.47887323943662,828.9453241708992
487,487,ae9bc,11,43007.0,107.21498371335504,456.6908875299369
488,488,b6972,10,30025.0,124.10279329608936,468.55337218984187
489,489,b85b4,1,111.0,59.0,333.8828828828829
490,490,bc73d,2,9982.0,105.94358974358973,798.9754558204767
491,491,c27f5,10,21043.0,113.84285714285716,225.96654469419758
492,492,c4340,11,29607.0,180.24793388429748,369.9200189144459
493,493,c4f84,11,35629.0,117.08523622047242,475.00423812063207
494,494,c5d17,10,41223.0,130.24819277108426,470.8328117798317
495,495,c7855,12,46706.0,154.81126760563382,676.8080760501863
496,496,c8248,8,25743.0,121.62566844919789,305.9556384259799
497,497,c83b7,10,57018.0,117.86386554621859,338.15186432354693
498,498,c96cd,12,52673.0,125.52687499999996,336.2678222239098
499,499,cba2b,13,20827.0,98.08074534161491,459.27617995870753
500,500,d5c88,7,34010.0,125.36729857819904,524.1125257277272
501,501,d7631,4,12480.0,98.4142857142857,537.1451923076924
502,502,de055,10,39129.0,114.84707903780071,373.7536098545835
503,503,e0b31,11,46530.0,126.49999999999996,450.4979368149581
504,504,e1bff,4,11594.0,107.453125,560.3599275487321
505,505,e238d,9,53068.0,120.00275229357796,488.52052084118486
506,506,e2e9b,9,39434.0,132.94911242603547,379.58127504184205
507,507,e67c9,1,5254.0,120.625,596.0647125999238
508,508,e7c08,11,59289.0,132.7541935483871,327.24982711801516
509,509,eb252,13,51284.0,117.12492307692304,280.2848646751424
510,510,eca35,1,6870.0,135.01388888888889,457.1697234352256
511,511,eede3,10,44246.0,189.28,505.2333318266058
512,512,f3a40,11,60790.0,91.96727272727271,501.3334759006415
